ip地址,访问方法,访问路径,参数,到达时间
127.0.0.1,GET,/,,2019-04-18 15:29:30.282044
127.0.0.1,GET,/,,2019-04-18 16:21:00.519055
127.0.0.1,GET,/,,2019-04-18 16:21:50.329479
127.0.0.1,GET,/,,2019-04-18 16:38:51.484668
127.0.0.1,GET,/,,2019-04-18 16:40:32.474863
127.0.0.1,GET,/,,2019-04-18 16:41:39.918741
127.0.0.1,GET,/,,2019-04-18 16:56:29.549231
127.0.0.1,GET,/,,2019-04-18 17:48:01.714251
127.0.0.1,GET,/,,2019-04-18 17:48:07.644635
127.0.0.1,GET,/,,2019-04-18 17:48:08.827553
127.0.0.1,GET,/,,2019-04-18 17:48:09.853843
127.0.0.1,GET,/,,2019-04-18 17:48:10.829201
127.0.0.1,GET,/,,2019-04-18 17:48:11.758743
127.0.0.1,GET,/,,2019-04-18 17:48:12.612432
127.0.0.1,GET,/,,2019-04-18 17:52:15.335851
127.0.0.1,GET,/,,2019-04-18 17:53:03.076282
127.0.0.1,GET,/,,2019-04-18 17:53:41.530200
127.0.0.1,GET,/,,2019-04-18 17:54:10.977617
127.0.0.1,GET,/,,2019-04-18 17:55:14.048396
127.0.0.1,GET,/,,2019-04-18 17:56:42.387647
127.0.0.1,GET,/,,2019-04-18 17:57:06.168182
127.0.0.1,GET,/,,2019-04-18 17:58:52.473625
127.0.0.1,GET,/,,2019-04-18 17:59:15.626729
127.0.0.1,GET,/,,2019-04-18 17:59:54.893870
127.0.0.1,GET,/,,2019-04-18 18:00:55.041773
127.0.0.1,GET,/,,2019-04-18 18:07:32.576398
127.0.0.1,GET,/,,2019-04-18 18:10:33.471352
127.0.0.1,GET,/,,2019-04-18 18:11:46.462171
127.0.0.1,GET,/,,2019-04-18 18:12:32.812993
127.0.0.1,GET,/,,2019-04-18 18:13:13.347730
127.0.0.1,GET,/,,2019-04-18 18:13:19.078194
127.0.0.1,GET,/,,2019-04-18 18:13:22.724159
127.0.0.1,GET,/,,2019-04-18 18:13:27.019175
127.0.0.1,GET,/,,2019-04-18 18:13:32.269316
127.0.0.1,GET,/,,2019-04-18 18:13:39.356437
127.0.0.1,GET,/,,2019-04-18 18:14:00.688363
127.0.0.1,GET,/,,2019-06-04 16:59:46.601991
127.0.0.1,GET,/favicon.ico,,2019-06-04 16:59:46.834370
127.0.0.1,GET,/v1/douyu/top120,,2019-06-04 17:00:15.067259
127.0.0.1,GET,/v1/douyu/top120,,2019-06-04 17:01:03.660625
127.0.0.1,GET,/v1/douyu/top120,,2019-06-04 17:09:05.397610
127.0.0.1,GET,/v1/douyu/top120,,2019-06-04 17:10:30.295909
